Source File	Size	loadResources	load	generateSnapshots	load-configure	scan	loadDepInfo	loadInfo	checkR4R4B	generateNarratives	validate	loadLists	checkConformanceResources	checkConformanceResources2	checkConformanceResources3	generateLogicalMaps	validateExpressions	scanForUsageStats	checkURLsUnique	processProvenanceDetails	translate	generate1	generate2	generateLogicals	makeDependencies	generateExampleZip	generateValidationPack	scanProfilesForR5	scanExamplesForR5
/fsh-generated/resources/ImplementationGuide-mii-ig-studie.json	30368	-	0	0	0	0	0	0	12	643	0	0	0	0	0	0	0	0	0	0	20	121	357	0	0	0	8	0	2
fsh-generated/resources/Bundle-mii-studie-test-data-bundle-studie.json	25938	8	23	0	1	0	0	0	2	1170	0	0	0	0	0	0	0	0	0	0	16	41	122	0	0	0	0	0	1
fsh-generated/resources/CapabilityStatement-MII-CPS-Metadata-Studie.json	29284	3	0	0	0	0	0	0	3	25	0	0	0	0	0	0	0	1	0	0	2	336	62	0	0	0	2	0	0
fsh-generated/resources/CodeSystem-associated-party-role-cs.json	1646	1	0	0	1	0	0	0	0	6	0	0	0	0	0	0	0	0	0	0	3	24	127	0	0	0	1	0	0
fsh-generated/resources/CodeSystem-research-study-category-cs.json	1252	1	0	0	0	0	0	0	0	2	0	0	1	0	0	0	0	0	0	0	3	198	77	0	0	0	0	0	0
fsh-generated/resources/Consent-mii-exa-studie-consent.json	481	1	0	0	0	0	0	0	0	112	0	0	0	0	0	0	0	0	0	0	3	6	37	0	0	0	0	0	0
fsh-generated/resources/DocumentReference-mii-exa-studie-dokument.json	759	1	0	0	0	0	0	0	0	76	0	0	0	0	0	0	0	0	0	0	3	7	37	0	0	0	0	0	0
fsh-generated/resources/EvidenceVariable-mii-exa-studie-ein-auschluss-kriterium.json	5171	2	0	0	0	0	0	0	1	75	0	0	0	0	0	0	0	0	0	0	3	283	32	0	0	0	0	0	0
fsh-generated/resources/EvidenceVariable-mii-exa-studie-evidence-variable-age-restriction.json	450	1	0	0	0	0	0	0	0	1	0	0	0	0	0	0	0	0	0	0	3	150	35	0	0	0	0	0	0
fsh-generated/resources/Library-mii-exa-studie-register.json	705	1	0	0	0	0	0	0	0	33	0	0	0	0	0	0	0	0	0	0	3	7	13	0	0	0	0	0	0
fsh-generated/resources/Organization-mii-exa-studie-author.json	115	0	0	0	0	0	0	0	0	4	0	0	0	0	0	0	0	0	0	0	2	138	6	0	0	0	0	0	0
fsh-generated/resources/Organization-mii-exa-studie-custodian.json	121	1	0	0	0	0	0	0	0	1	0	0	0	0	0	0	0	0	0	0	3	49	4	0	0	0	0	0	0
fsh-generated/resources/Organization-mii-exa-studie-practitioner-organization.json	140	1	0	0	0	0	0	0	0	0	0	0	0	0	0	0	0	0	0	0	3	4	4	0	0	0	0	0	0
fsh-generated/resources/Patient-mii-exa-studie-patient.json	666	1	0	0	0	0	0	0	0	80	0	0	0	0	0	0	0	0	0	0	2	158	15	0	0	0	0	0	0
fsh-generated/resources/Practitioner-mii-exa-studie-practitioner.json	174	1	0	0	0	0	0	0	0	2	0	0	0	0	0	0	0	0	0	0	2	7	5	0	0	0	0	0	0
fsh-generated/resources/PractitionerRole-mii-exa-studie-beteiligte-person.json	696	1	0	0	0	0	0	0	0	2	0	0	0	0	0	0	0	0	0	0	2	5	30	0	0	0	0	0	0
fsh-generated/resources/ResearchStudy-mii-exa-studie-cohort.json	4337	1	0	0	0	0	0	0	1	5	0	0	0	0	0	0	0	0	0	0	2	133	54	0	0	0	0	0	1
fsh-generated/resources/ResearchStudy-mii-exa-studie-reference-study.json	143	1	0	0	0	0	0	0	0	1	0	0	0	0	0	0	0	0	0	0	3	99	16	0	0	0	0	0	0
fsh-generated/resources/ResearchStudy-mii-exa-studie-studie.json	3985	1	0	0	0	0	0	0	0	4	0	0	0	0	0	0	0	0	0	0	2	16	19	0	0	0	0	0	0
fsh-generated/resources/ResearchSubject-mii-exa-studie-proband.json	858	1	0	0	0	0	0	0	0	76	0	0	0	0	0	0	0	0	0	0	2	210	35	0	0	0	0	0	0
fsh-generated/resources/SearchParameter-DocumentReference-size.json	516	1	0	0	0	0	0	0	0	4	0	0	0	0	0	0	0	0	0	0	2	71	14	0	0	0	1	0	0
fsh-generated/resources/SearchParameter-DocumentReference-title.json	522	1	0	0	0	0	0	0	0	3	0	0	0	0	0	0	0	0	0	0	1	7	11	0	0	0	0	0	0
fsh-generated/resources/SearchParameter-EvidenceVariable-characteristic-description.json	603	1	0	0	0	0	0	0	0	3	0	0	0	0	0	0	0	0	0	0	2	7	11	0	0	0	0	0	0
fsh-generated/resources/SearchParameter-Library-quellregister.json	617	1	0	0	0	0	0	0	0	2	0	0	0	0	0	0	0	0	0	0	2	384	40	0	0	0	0	0	0
fsh-generated/resources/SearchParameter-Library-relatedArtifactUrl.json	529	0	0	0	0	0	0	0	0	2	0	0	0	0	0	0	0	0	0	0	1	306	10	0	0	0	1	0	0
fsh-generated/resources/SearchParameter-ResearchStudy-akronym.json	611	1	0	0	0	0	0	0	0	2	0	0	0	0	0	0	0	0	0	0	2	144	8	0	0	0	0	0	0
fsh-generated/resources/SearchParameter-ResearchStudy-armName.json	478	1	0	0	0	0	0	0	1	2	0	0	0	0	0	0	0	0	0	0	2	24	56	0	0	0	0	0	0
fsh-generated/resources/SearchParameter-ResearchStudy-finanzierung.json	641	1	0	0	0	0	0	0	0	2	0	0	0	0	0	0	0	0	0	0	2	8	77	0	0	0	0	0	0
fsh-generated/resources/SearchParameter-ResearchStudy-label.json	600	1	0	0	0	0	0	0	0	2	0	0	0	0	0	0	0	0	0	0	1	7	79	0	0	0	1	0	0
fsh-generated/resources/SearchParameter-ResearchStudy-rekrutierungsstand-datum.json	769	1	0	0	0	0	0	0	0	2	0	0	0	0	0	0	0	0	0	0	2	8	103	0	0	0	0	0	0
fsh-generated/resources/SearchParameter-ResearchStudy-rekrutierungsstand-genauigkeit.json	807	0	0	0	0	0	0	0	0	2	0	0	0	0	0	0	0	0	0	0	3	7	47	0	0	0	0	0	0
fsh-generated/resources/SearchParameter-ResearchStudy-rekrutierungsstand.json	736	1	0	0	0	0	0	0	0	2	0	0	0	0	0	0	0	0	0	0	2	28	10	0	0	0	1	0	0
fsh-generated/resources/SearchParameter-ResearchStudy-rekrutierungsstart.json	734	1	0	0	0	0	0	0	0	2	0	0	0	0	0	0	0	0	0	0	2	10	9	0	0	0	1	0	0
fsh-generated/resources/SearchParameter-ResearchStudy-rekrutierungsziel.json	730	1	0	0	0	0	0	0	0	2	0	0	0	0	0	0	0	0	0	0	1	16	15	0	0	0	0	0	0
fsh-generated/resources/SearchParameter-ResearchStudy-studienregister.json	662	1	0	0	0	0	0	0	0	2	0	0	0	0	0	0	0	0	0	0	2	209	39	0	0	0	1	0	0
fsh-generated/resources/ServiceRequest-mii-exa-studie-studieneinschluss-anfrage.json	939	1	0	0	0	0	0	0	0	79	0	0	0	0	0	0	0	0	0	0	2	7	24	0	0	0	0	0	0
fsh-generated/resources/StructureDefinition-mii-ex-studie-akronym.json	1359	1	0	8	0	0	0	0	1	790	0	0	0	0	0	0	0	0	0	0	0	29	597	0	0	0	1	0	0
fsh-generated/resources/StructureDefinition-mii-ex-studie-backport-associatedParty.json	5295	2	0	31	0	0	0	0	0	169	0	0	0	0	0	0	0	1	0	0	0	199	531	0	0	0	5	0	1
fsh-generated/resources/StructureDefinition-mii-ex-studie-backport-definition-by-combination.json	3710	1	0	17	0	0	0	0	0	83	0	0	0	0	0	0	0	0	0	0	1	118	321	0	0	0	3	1	0
fsh-generated/resources/StructureDefinition-mii-ex-studie-backport-definition-by-type-and-value.json	5691	2	0	27	0	0	0	0	0	162	0	0	0	0	0	0	0	0	0	0	0	368	345	0	0	0	6	0	1
fsh-generated/resources/StructureDefinition-mii-ex-studie-backport-definitionCanonical.json	1746	1	0	8	1	0	0	0	0	8	0	0	0	0	0	0	0	0	0	0	0	207	210	0	0	0	4	0	0
fsh-generated/resources/StructureDefinition-mii-ex-studie-backport-definitionReference.json	1809	1	0	8	0	0	0	0	0	6	0	0	0	0	0	0	0	0	0	0	0	226	261	0	0	0	1	0	0
fsh-generated/resources/StructureDefinition-mii-ex-studie-backport-label.json	2596	2	0	14	0	0	0	1	0	13	0	0	1	0	0	0	0	1	0	0	0	178	295	0	0	0	3	0	0
fsh-generated/resources/StructureDefinition-mii-ex-studie-backport-linkId.json	1489	1	0	10	0	0	0	0	0	6	0	0	0	0	0	0	0	0	0	0	0	135	164	0	0	0	1	0	0
fsh-generated/resources/StructureDefinition-mii-ex-studie-eligibility.json	1564	1	0	7	0	0	0	0	0	7	0	0	0	0	0	0	0	0	0	0	0	113	219	0	0	0	1	0	0
fsh-generated/resources/StructureDefinition-mii-ex-studie-ethikvotum.json	3380	2	0	17	0	0	0	0	0	14	0	0	0	0	0	0	0	0	0	0	1	73	232	0	0	0	3	0	1
fsh-generated/resources/StructureDefinition-mii-ex-studie-finanzierung.json	1384	1	0	6	0	0	0	0	0	6	0	0	0	0	0	0	0	0	0	0	0	26	169	0	0	0	1	0	0
fsh-generated/resources/StructureDefinition-mii-ex-studie-quell-register.json	1389	1	0	5	0	0	0	0	0	6	0	0	0	0	0	0	0	0	0	0	0	45	208	0	0	0	1	0	0
fsh-generated/resources/StructureDefinition-mii-ex-studie-rekrutierung.json	5030	1	0	18	0	0	0	0	0	19	0	0	0	0	0	0	0	0	0	0	0	81	280	0	1	0	4	0	0
fsh-generated/resources/StructureDefinition-mii-ex-studie-studienregister.json	1512	2	0	6	0	0	0	0	0	5	0	0	0	0	0	0	0	0	0	0	0	23	174	0	0	0	1	0	0
fsh-generated/resources/StructureDefinition-mii-lm-studie-logicalmodel.json	75991	11	0	119	0	0	0	0	0	43	0	0	1	0	0	0	0	2	0	0	6	315	1069	0	0	0	13	0	2
fsh-generated/resources/StructureDefinition-mii-pr-studie-beteiligte-person.json	11264	2	0	25	0	0	0	0	0	12	0	0	0	0	0	0	0	0	0	0	1	166	448	0	0	0	3	0	1
fsh-generated/resources/StructureDefinition-mii-pr-studie-dokument.json	13859	2	0	40	0	0	0	0	0	28	0	0	0	0	0	0	0	1	0	0	1	107	507	0	0	0	6	0	1
fsh-generated/resources/StructureDefinition-mii-pr-studie-ein-auschluss-kriterium.json	12364	3	0	39	0	0	0	0	0	29	0	0	1	0	0	0	0	0	0	0	0	146	471	0	0	0	8	0	1
fsh-generated/resources/StructureDefinition-mii-pr-studie-proband.json	17137	3	0	24	0	0	0	0	0	28	0	0	0	0	0	0	0	1	0	0	1	199	424	0	0	0	7	0	1
fsh-generated/resources/StructureDefinition-mii-pr-studie-register.json	13668	2	0	42	0	0	0	0	0	23	0	0	0	0	0	0	0	0	0	0	0	107	492	0	0	0	7	1	1
fsh-generated/resources/StructureDefinition-mii-pr-studie-studie.json	40262	5	0	52	0	0	0	0	0	31	0	0	0	0	0	0	0	1	0	0	2	164	524	0	0	0	10	0	2
fsh-generated/resources/StructureDefinition-mii-pr-studie-studieneinschluss-anfrage.json	16380	3	0	34	0	0	0	0	0	27	0	0	1	0	0	0	0	0	0	0	0	152	481	0	0	0	6	0	1
fsh-generated/resources/ValueSet-associated-party-role-vs.json	496	1	0	0	0	0	0	0	1	478	0	0	0	0	0	0	0	0	0	0	3	9	259	0	0	0	1	0	0
fsh-generated/resources/ValueSet-research-study-category-vs.json	496	1	0	0	0	0	0	0	0	3	0	0	0	0	0	0	0	0	0	0	2	147	74	0	0	0	0	0	0
input/resources/Parameters-expansion-manifest.json	511	1	0	0	0	0	0	0	0	0	0	0	0	0	0	0	0	0	0	0	3	14	2390	0	0	0	0	0	0
/input/includes/menu.xml	3400	-	-	-	0	0	0	0	0	0	0	0	0	0	0	0	0	0	0	0	0	0	1	0	0	0	0	0	0
/fsh-generated/includes/fsh-link-references.md	5039	-	-	-	0	0	0	0	0	0	0	0	0	0	0	0	0	0	0	0	0	0	0	0	0	0	0	0	0
/input/intro-notes/StructureDefinition-mii-pr-studie-register-intro.md	1746	-	-	-	0	0	0	0	0	0	0	0	0	0	0	0	0	0	0	0	0	0	0	0	0	0	0	0	0
/input/intro-notes/StructureDefinition-mii-pr-studie-studieneinschluss-anfrage-intro.md	734	-	-	-	0	0	0	0	0	0	0	0	0	0	0	0	0	0	0	0	0	0	1	0	0	0	0	0	0
/input/intro-notes/StructureDefinition-mii-pr-studie-beteiligte-person-intro.md	2331	-	-	-	0	0	0	0	0	0	0	0	0	0	0	0	0	0	0	0	0	0	0	0	0	0	0	0	0
/input/intro-notes/StructureDefinition-mii-pr-studie-studie-intro.md	4500	-	-	-	0	0	0	0	0	0	0	0	0	0	0	0	0	0	0	0	0	0	0	0	0	0	0	0	0
/input/intro-notes/StructureDefinition-mii-pr-studie-proband-intro.md	2416	-	-	-	0	0	0	0	0	0	0	0	0	0	0	0	0	0	0	0	0	0	0	0	0	0	0	0	0
/input/intro-notes/StructureDefinition-mii-pr-studie-ein-auschluss-kriterium-intro.md	2916	-	-	-	0	0	0	0	0	0	0	0	0	0	0	0	0	0	0	0	0	0	0	0	0	0	0	0	0
/input/intro-notes/StructureDefinition-mii-pr-studie-dokument-intro.md	3027	-	-	-	0	0	0	0	0	0	0	0	0	0	0	0	0	0	0	0	0	0	1	0	0	0	0	0	0
/input/pagecontent/logical-models.md	1522	-	-	-	0	0	0	0	0	0	0	0	0	0	0	0	0	0	0	0	0	0	0	0	0	0	0	0	0
/input/pagecontent/examples.md	127	-	-	-	0	0	0	0	0	0	0	0	0	0	0	0	0	0	0	0	0	0	0	0	0	0	0	0	0
/input/pagecontent/changes.md	4786	-	-	-	0	0	0	0	0	0	0	0	0	0	0	0	0	0	0	0	0	0	0	0	0	0	0	0	0
/input/pagecontent/guidance.md	2518	-	-	-	0	0	0	0	0	0	0	0	0	0	0	0	0	0	0	0	0	0	0	0	0	0	0	0	0
/input/pagecontent/code-systems.md	1079	-	-	-	0	0	0	0	0	0	0	0	0	0	0	0	0	0	0	0	0	0	0	0	0	0	0	0	0
/input/pagecontent/profiles.md	4114	-	-	-	0	0	0	0	0	0	0	0	0	0	0	0	0	0	0	0	0	0	1	0	0	0	0	0	0
/input/pagecontent/search-parameters.md	22782	-	-	-	0	0	0	0	0	0	0	0	0	0	0	0	0	0	0	0	0	0	1	0	0	0	0	0	0
/input/pagecontent/index.md	10691	-	-	-	0	0	0	0	0	0	0	0	0	0	0	0	0	0	0	0	0	0	1	0	0	0	0	0	0
/input/pagecontent/value-sets.md	1531	-	-	-	0	0	0	0	0	0	0	0	0	0	0	0	0	0	0	0	0	0	0	0	0	0	0	0	0
/input/pagecontent/translationinfo.md	472	-	-	-	0	0	0	0	0	0	0	0	0	0	0	0	0	0	0	0	0	0	0	0	0	0	0	0	0
/input/pagecontent/extensions.md	527	-	-	-	0	0	0	0	0	0	0	0	0	0	0	0	0	0	0	0	0	0	0	0	0	0	0	0	0
/input/pagecontent/downloads.md	2791	-	-	-	0	0	0	0	0	0	0	0	0	0	0	0	0	0	0	0	0	0	0	0	0	0	0	0	0
/input/pagecontent/security-and-privacy.md	2891	-	-	-	0	0	0	0	0	0	0	0	0	0	0	0	0	0	0	0	0	0	0	0	0	0	0	0	0
/input/pagecontent/metadata.md	20981	-	-	-	0	0	0	0	0	0	0	0	0	0	0	0	0	0	0	0	0	0	1	0	0	0	0	0	0
/input/pagecontent/implementer-guidance.md	2781	-	-	-	0	0	0	0	0	0	0	0	0	0	0	0	0	0	0	0	0	0	0	0	0	0	0	0	0
/input/pagecontent/version-history.md	4624	-	-	-	0	0	0	0	0	0	0	0	0	0	0	0	0	0	0	0	0	0	0	0	0	0	0	0	0
/input/pagecontent/uml-diagrams.md	628	-	-	-	0	0	0	0	0	0	0	0	0	0	0	0	0	0	0	0	0	0	0	0	0	0	0	0	0
/input/pagecontent/ImplementationGuide-mii-ig-studie.md	3341	-	-	-	0	0	0	0	0	0	0	0	0	0	0	0	0	0	0	0	0	0	1	0	0	0	0	0	0
/input/pagecontent/capability-statements.md	1745	-	-	-	0	0	0	0	0	0	0	0	0	0	0	0	0	0	0	0	0	0	0	0	0	0	0	0	0
/input/intro-notes	0	-	-	-	0	0	0	0	0	0	0	0	0	0	0	0	0	0	0	0	0	0	0	0	0	0	0	0	0
/input/intro-notes/StructureDefinition-mii-pr-studie-register-intro.md	1746	-	-	-	0	0	0	0	0	0	0	0	0	0	0	0	0	0	0	0	0	0	0	0	0	0	0	0	0
/input/intro-notes/StructureDefinition-mii-pr-studie-studieneinschluss-anfrage-intro.md	734	-	-	-	0	0	0	0	0	0	0	0	0	0	0	0	0	0	0	0	0	0	0	0	0	0	0	0	0
/input/intro-notes/StructureDefinition-mii-pr-studie-beteiligte-person-intro.md	2331	-	-	-	0	0	0	0	0	0	0	0	0	0	0	0	0	0	0	0	0	0	0	0	0	0	0	0	0
/input/intro-notes/StructureDefinition-mii-pr-studie-studie-intro.md	4500	-	-	-	0	0	0	0	0	0	0	0	0	0	0	0	0	0	0	0	0	0	0	0	0	0	0	0	0
/input/intro-notes/StructureDefinition-mii-pr-studie-proband-intro.md	2416	-	-	-	0	0	0	0	0	0	0	0	0	0	0	0	0	0	0	0	0	0	1	0	0	0	0	0	0
/input/intro-notes/StructureDefinition-mii-pr-studie-ein-auschluss-kriterium-intro.md	2916	-	-	-	0	0	0	0	0	0	0	0	0	0	0	0	0	0	0	0	0	0	0	0	0	0	0	0	0
/input/intro-notes/StructureDefinition-mii-pr-studie-dokument-intro.md	3027	-	-	-	0	0	0	0	0	0	0	0	0	0	0	0	0	0	0	0	0	0	0	0	0	0	0	0	0
/template/config	0	-	-	-	0	0	0	0	0	0	0	0	0	0	0	0	0	0	0	0	0	0	0	0	0	0	0	0	0
/template/config/_config.yml	140	-	-	-	0	0	0	0	0	0	0	0	0	0	0	0	0	0	0	0	0	0	0	0	0	0	0	0	0
/input/images	0	-	-	-	0	0	0	0	0	0	0	0	0	0	0	0	0	0	0	0	0	0	0	0	0	0	0	0	0
/input/images/UML_Forschungsvorhaben_2026.png	368541	-	-	-	0	0	0	0	0	0	0	0	0	0	0	0	0	0	0	0	0	0	0	0	0	0	0	0	0
/input/images/Warning.jpg	20392	-	-	-	0	0	0	0	0	0	0	0	0	0	0	0	0	0	0	0	0	0	1	0	0	0	0	0	0
/temp/pages/_includes/artifacts.xml	37493	-	-	-	-	-	-	-	-	-	-	-	-	-	-	-	-	-	-	-	-	-	0	0	0	0	0	0	0
